Employee,Salary,Month
Jesse L. Begay,1200,JULY
Rex D. Bennett,1200,JULY
Robert B. Mabe,2100,JULY
Katie S. Stewart,2600,JULY
John R. Rodgers,1500,JULY
Joellen J. Cross,1900,JULY
Anthony M. Boyd,2400,JULY
Heidi K. Ward,1900,JULY
David W. Brown,1800,JULY
Wayne M. Winsett,1800,JULY
Dorothy B. Lyons,1800,JULY
Robert L. Haman,2200,JULY
David D. Hall,2100,JULY
Terri R. Branch,1400,JULY
Melissa E. Degraw,1400,JULY
Cynthia R. Bolden,1000,JULY
Michael I. Overall,2300,JULY
Janna J. Clemmons,2800,JULY
