Employee,Salary,month
Jesse L. Begay,1000,MARCH
Rex D. Bennett,1200,MARCH
Robert B. Mabe,2100,MARCH
Monique A. Carver,1400,MARCH
Katie S. Stewart,2600,MARCH
John R. Rodgers,1500,MARCH
Joellen J. Cross,1700,MARCH
Anthony M. Boyd,2300,MARCH
Heidi K. Ward,1900,MARCH
David W. Brown,1800,MARCH
Benjamin L. Langley,3000,MARCH
Dwight C. Rodriguez,2700,MARCH
Wayne M. Winsett,1800,MARCH
Dorothy B. Lyons,1600,MARCH
Robert L. Haman,2000,MARCH
David D. Hall,2100,MARCH
Terri R. Branch,1200,MARCH
Melissa E. Degraw,1200,MARCH
