Employee,Salary,month
Jesse L. Begay,1000,APRIL
Rex D. Bennett,1200,APRIL
Robert B. Mabe,2100,APRIL
Katie S. Stewart,2600,APRIL
John R. Rodgers,1500,APRIL
Joellen J. Cross,1700,APRIL
Anthony M. Boyd,2400,APRIL
Heidi K. Ward,1900,APRIL
David W. Brown,1800,APRIL
Benjamin L. Langley,3000,APRIL
Dwight C. Rodriguez,2700,APRIL
Wayne M. Winsett,1800,APRIL
Dorothy B. Lyons,1800,APRIL
Robert L. Haman,2000,APRIL
David D. Hall,2100,APRIL
Terri R. Branch,1200,APRIL
Melissa E. Degraw,1200,APRIL
