Employee,Salary,month
Jesse L. Begay,1200,JUNE
Rex D. Bennett,1200,JUNE
Robert B. Mabe,2100,JUNE
Katie S. Stewart,2600,JUNE
John R. Rodgers,1500,JUNE
Joellen J. Cross,1700,JUNE
Anthony M. Boyd,2400,JUNE
Heidi K. Ward,1900,JUNE
David W. Brown,1800,JUNE
Benjamin L. Langley,3000,JUNE
Dwight C. Rodriguez,2700,JUNE
Wayne M. Winsett,1800,JUNE
Dorothy B. Lyons,1800,JUNE
Robert L. Haman,2200,JUNE
David D. Hall,2100,JUNE
Terri R. Branch,1400,JUNE
Melissa E. Degraw,1400,JUNE
Cynthia R. Bolden,1000,JUNE
Michael I. Overall,2300,JUNE
